session-20260906-133926.log	r1	base	e1	0
session-20260906-135443.log	r1	base	e2	0
session-20260906-140436.log	r1	base	e3	0
session-20260906-142839.log	r1	base	e4	0
session-20260906-144659.log	r1	base	e5	1
session-20260906-145229.log	r1	base	e5	0
session-20260906-152047.log	r1	base	e6a	0
session-20260906-154227.log	r1	base	e6b	0
session-20260906-154816.log	r1	base	e6b	0
session-20260906-160150.log	r1	wolf	e1	0
session-20260906-162655.log	r1	wolf	e2	0
session-20260906-164244.log	r1	wolf	e3	0
session-20260906-170109.log	r1	wolf	e4	0
session-20260906-171548.log	r1	wolf	e5	1
session-20260906-172132.log	r1	wolf	e5	0
session-20260906-173629.log	r1	wolf	e6a	0
session-20260906-175509.log	r1	wolf	e6b	0
session-20260906-180721.log	r2	wolf	e1	0
session-20260906-182831.log	r2	wolf	e2	0
session-20260906-185020.log	r2	wolf	e3	0
session-20260906-192045.log	r2	wolf	e3	0
session-20260906-195046.log	r2	wolf	e4	0
session-20260906-201241.log	r2	wolf	e5	1
session-20260906-201804.log	r2	wolf	e5	0
session-20260906-202452.log	r2	wolf	e6a	0
session-20260906-205512.log	r2	wolf	e6b	0
session-20260906-234717.log	r2	base	e1	0
session-20260907-001807.log	r2	base	e2	0
session-20260907-003441.log	r2	base	e3	0
session-20260907-004940.log	r2	base	e4	0
session-20260907-010312.log	r2	base	e5	1
session-20260907-010829.log	r2	base	e5	0
session-20260907-011622.log	r2	base	e6a	0
session-20260907-012933.log	r2	base	e6b	0
