ts,repeat,arm,episode,input,cache_read,output,weight,secs,exit,planned_kill
2026-09-06T20:47:17Z,r2,base,e1,145891,3580160,10814,557977,1802,124,0
2026-09-06T21:18:07Z,r2,base,e2,57065,1580608,5330,241775.80,983,0,0
2026-09-06T21:34:41Z,r2,base,e3,78375,3539008,11128,487915.80,883,0,0
2026-09-06T21:49:40Z,r2,base,e4,59239,3011648,12021,420508.80,791,0,0
2026-09-06T22:03:12Z,r2,base,e5,58975,748800,5346,160585,768,124;0,1
2026-09-06T22:16:22Z,r2,base,e6a,51965,1968768,11202,304851.80,779,0,0
2026-09-06T22:29:33Z,r2,base,e6b,36631,522048,3183,104750.80,264,0,0
2026-09-06T15:07:21Z,r2,wolf,e1,103785,2702464,7924,413651.40,1251,0,0
2026-09-06T15:28:31Z,r2,wolf,e2,92753,1881536,6367,312741.60,1295,0,0
2026-09-06T15:50:20Z,r2,wolf,e3,131950,5560640,17308,774554,3591,124;0,0
2026-09-06T16:50:46Z,r2,wolf,e4,101146,4002304,11366,558206.40,1287,0,0
2026-09-06T17:12:41Z,r2,wolf,e5,43397,575424,3855,120214.40,695,124;0,1
2026-09-06T17:24:52Z,r2,wolf,e6a,66589,1377600,8248,245589,1803,124,0
2026-09-06T17:55:12Z,r2,wolf,e6b,54696,837504,6901,172951.40,890,0,0
